{"timestamps": [1478387010.034439, 1478387010.068853, 1478387010.074269, 1478387010.076668, 1478387010.079511, 1478387010.079869, 1478387010.08289, 1478387010.086351, 1478387010.115797, 1478387010.120138, 1478387010.123271, 1478387010.126536, 1478387010.129144, 1478387010.131511, 1478387010.13424, 1478387010.136724, 1478387010.139353, 1478387010.142345, 1478387010.145408, 1478387010.14822, 1478387010.151294, 1478387010.154134, 1478387010.156798, 1478387010.157923, 1478387010.161548, 1478387010.164167, 1478387010.167228, 1478387010.199429, 1478387010.204457, 1478387010.207541, 1478387010.210057, 1478387010.212684, 1478387010.215619, 1478387010.216072, 1478387010.218941, 1478387010.222027, 1478387010.224909, 1478387010.22765, 1478387010.230403, 1478387010.232852, 1478387010.234744, 1478387010.235513, 1478387010.238398, 1478387010.241035, 1478387010.243426, 1478387010.246059, 1478387010.248526, 1478387010.249259, 1478387010.251662, 1478387010.254337, 1478387010.256747, 1478387010.257296, 1478387010.259722, 1478387010.262502, 1478387010.264882, 1478387010.267214, 1478387010.269883, 1478387010.272684, 1478387010.275442, 1478387010.278157, 1478387010.280566, 1478387010.282885, 1478387010.285313, 1478387010.289879, 1478387010.322707, 1478387010.329155, 1478387010.331594, 1478387010.334384, 1478387010.337025, 1478387010.339827, 1478387010.342827, 1478387010.345377, 1478387010.347783, 1478387010.350667, 1478387010.353114, 1478387010.355517, 1478387010.358653, 1478387010.361223, 1478387010.363615, 1478387010.366452, 1478387010.368901, 1478387010.371336, 1478387010.374323, 1478387010.377724, 1478387010.380724, 1478387010.383577, 1478387010.385925, 1478387010.388318, 1478387010.392267, 1478387010.39657, 1478387010.399398, 1478387010.401782, 1478387010.404164, 1478387010.407326, 1478387010.410442, 1478387010.41311, 1478387010.416165, 1478387010.418577, 1478387010.421151, 1478387010.424887], "initial_reset_timestamp": 1478387010.00141, "episode_types": ["t", "t", "t", "t", "t", "t", "t", "t", "t", "t", "t", "t", "t", "t", "t", "t", "t", "t", "t", "t", "t", "t", "t", "t", "t", "t", "t", "t", "t", "t", "t", "t", "t", "t", "t", "t", "t", "t", "t", "t", "t", "t", "t", "t", "t", "t", "t", "t", "t", "t", "t", "t", "t", "t", "t", "t", "t", "t", "t", "t", "t", "t", "t", "t", "t", "t", "t", "t", "t", "t", "t", "t", "t", "t", "t", "t", "t", "t", "t", "t", "t", "t", "t", "t", "t", "t", "t", "t", "t", "t", "t", "t", "t", "t", "t", "t", "t", "t", "t", "t"], "episode_lengths": [200, 200, 200, 200, 200, 27, 200, 200, 200, 109, 200, 200, 200, 200, 200, 200, 200, 200, 200, 200, 200, 200, 200, 56, 200, 200, 200, 200, 200, 200, 200, 200, 200, 30, 200, 200, 200, 200, 200, 200, 159, 64, 200, 200, 200, 200, 200, 59, 200, 200, 200, 45, 200, 200, 200, 200, 200, 200, 200, 200, 200, 200, 200, 200, 200, 191, 200, 200, 200, 200, 200, 200, 200, 200, 200, 200, 200, 200, 200, 200, 200, 200, 200, 200, 200, 200, 200, 200, 200, 200, 200, 200, 200, 200, 200, 200, 200, 200, 200, 200], "episode_rewards": [-713, -803, -767, -722, -911, -78, -722, -866, -767, -394, -686, -785, -830, -803, -785, -731, -785, -722, -785, -893, -713, -821, -758, -179, -857, -794, -785, -794, -812, -776, -785, -839, -767, -72, -848, -722, -758, -821, -803, -686, -552, -205, -767, -839, -776, -758, -767, -200, -722, -749, -749, -168, -812, -740, -848, -785, -722, -785, -794, -722, -803, -830, -839, -641, -803, -719, -785, -758, -830, -803, -803, -839, -605, -821, -821, -722, -839, -776, -758, -857, -821, -686, -659, -749, -911, -803, -776, -785, -839, -731, -839, -722, -776, -758, -731, -902, -794, -668, -821, -767]}