{"timestamps": [1478390134.925737, 1478390134.96556, 1478390134.972529, 1478390134.976996, 1478390134.984568, 1478390134.990388, 1478390134.996178, 1478390135.002195, 1478390135.022391, 1478390135.03149, 1478390135.036765, 1478390135.043229, 1478390135.049214, 1478390135.051672, 1478390135.056804, 1478390135.063609, 1478390135.069037, 1478390135.07358, 1478390135.077455, 1478390135.07864, 1478390135.08196, 1478390135.086095, 1478390135.090989, 1478390135.094989, 1478390135.100684, 1478390135.10218, 1478390135.10704, 1478390135.142227, 1478390135.150173, 1478390135.152126, 1478390135.15644, 1478390135.160915, 1478390135.16594, 1478390135.170568, 1478390135.17455, 1478390135.176271, 1478390135.180543, 1478390135.185097, 1478390135.189121, 1478390135.193791, 1478390135.195562, 1478390135.197653, 1478390135.203049, 1478390135.208365, 1478390135.212467, 1478390135.21719, 1478390135.221251, 1478390135.225261, 1478390135.229902, 1478390135.232996, 1478390135.237188, 1478390135.24156, 1478390135.245774, 1478390135.250327, 1478390135.254329, 1478390135.261136, 1478390135.266523, 1478390135.270625, 1478390135.275078, 1478390135.279368, 1478390135.280395, 1478390135.284493, 1478390135.289198, 1478390135.2934, 1478390135.327176, 1478390135.335286, 1478390135.339924, 1478390135.343975, 1478390135.34837, 1478390135.353359, 1478390135.356006, 1478390135.357954, 1478390135.360141, 1478390135.364252, 1478390135.368273, 1478390135.372144, 1478390135.373361, 1478390135.377579, 1478390135.379557, 1478390135.383742, 1478390135.387626, 1478390135.391548, 1478390135.395446, 1478390135.399369, 1478390135.403256, 1478390135.407128, 1478390135.411086, 1478390135.413215, 1478390135.41953, 1478390135.425314, 1478390135.428295, 1478390135.431008, 1478390135.435192, 1478390135.439555, 1478390135.443666, 1478390135.44906, 1478390135.455292, 1478390135.45937, 1478390135.461692, 1478390135.468289], "initial_reset_timestamp": 1478390134.892295, "episode_types": ["t", "t", "t", "t", "t", "t", "t", "t", "t", "t", "t", "t", "t", "t", "t", "t", "t", "t", "t", "t", "t", "t", "t", "t", "t", "t", "t", "t", "t", "t", "t", "t", "t", "t", "t", "t", "t", "t", "t", "t", "t", "t", "t", "t", "t", "t", "t", "t", "t", "t", "t", "t", "t", "t", "t", "t", "t", "t", "t", "t", "t", "t", "t", "t", "t", "t", "t", "t", "t", "t", "t", "t", "t", "t", "t", "t", "t", "t", "t", "t", "t", "t", "t", "t", "t", "t", "t", "t", "t", "t", "t", "t", "t", "t", "t", "t", "t", "t", "t", "t"], "episode_lengths": [200, 200, 200, 200, 200, 200, 200, 200, 121, 200, 200, 200, 200, 97, 200, 200, 200, 200, 200, 54, 150, 200, 200, 200, 200, 59, 200, 200, 200, 75, 200, 200, 200, 200, 200, 62, 200, 200, 200, 200, 82, 85, 200, 200, 200, 200, 200, 171, 200, 121, 200, 200, 200, 200, 200, 200, 200, 200, 200, 200, 38, 200, 200, 200, 200, 200, 200, 200, 200, 200, 119, 93, 106, 200, 200, 200, 59, 200, 95, 200, 200, 200, 200, 200, 200, 200, 200, 107, 200, 200, 119, 110, 200, 200, 200, 160, 200, 200, 113, 200], "episode_rewards": [-578, -497, -308, -578, -533, -524, -389, -245, -217, -407, -236, -452, -533, -94, -218, -551, -371, -416, -470, -87, -300, -227, -560, -254, -227, -47, -245, -389, -587, -63, -308, -308, -380, -326, -236, -131, -614, -236, -290, -353, -70, -190, -596, -299, -254, -245, -308, -330, -245, -370, -362, -299, -272, -326, -209, -272, -245, -299, -272, -218, -26, -236, -506, -254, -344, -227, -245, -209, -254, -227, -134, -81, -157, -272, -254, -434, -47, -209, -74, -245, -227, -299, -236, -290, -389, -362, -308, -95, -335, -380, -98, -143, -209, -227, -254, -175, -317, -434, -110, -398]}